feature,elastic_net_coef,rf_importance,spearman_corr_linear,spearman_corr_rf,spearman_corr_blend
pca_1,-0.6976650050641992,0.9049613616276881,0.9127634566512395,0.9559686839590248,0.9380203213030157
pca_3,0.05645931710868519,0.020055438068417707,0.9127634566512395,0.9559686839590248,0.9380203213030157
pca_5,-0.026345641502105444,0.01547115883115881,0.9127634566512395,0.9559686839590248,0.9380203213030157
pca_4,0.007609539252994413,0.01363235455822522,0.9127634566512395,0.9559686839590248,0.9380203213030157
pca_2,-0.0,0.012570464451253769,0.9127634566512395,0.9559686839590248,0.9380203213030157
pca_6,-0.04043001247939535,0.011628538071040402,0.9127634566512395,0.9559686839590248,0.9380203213030157
pca_8,-0.0,0.00856804840089229,0.9127634566512395,0.9559686839590248,0.9380203213030157
pca_9,0.0,0.007706277271738775,0.9127634566512395,0.9559686839590248,0.9380203213030157
pca_7,0.0,0.005406358719584851,0.9127634566512395,0.9559686839590248,0.9380203213030157
