feature,elastic_net_coef,hgb_importance,cv_mse,cv_mae,cv_r2
pca_1,-0.6976650050641992,1.591199460177338,0.7483216921723818,0.6750397383778464,-0.023487510736571293
pca_3,0.05645931710868519,0.03800292803395008,0.7483216921723818,0.6750397383778464,-0.023487510736571293
pca_6,-0.04043001247939535,0.037688163163173236,0.7483216921723818,0.6750397383778464,-0.023487510736571293
pca_8,-0.0,0.03338661186841831,0.7483216921723818,0.6750397383778464,-0.023487510736571293
pca_5,-0.026345641502105444,0.03327857768288859,0.7483216921723818,0.6750397383778464,-0.023487510736571293
pca_4,0.007609539252994413,0.030178525197888727,0.7483216921723818,0.6750397383778464,-0.023487510736571293
pca_9,0.0,0.02235532226225114,0.7483216921723818,0.6750397383778464,-0.023487510736571293
pca_2,-0.0,0.02180012038247381,0.7483216921723818,0.6750397383778464,-0.023487510736571293
pca_7,0.0,0.020256783496773824,0.7483216921723818,0.6750397383778464,-0.023487510736571293
