feature,elastic_net_coef,xgb_importance,cv_mse,cv_mae,cv_r2
pca_1,0.6824858832583782,0.62945384,0.7573505391603053,0.6791037675114494,-0.035836360469451156
pca_2,0.11144236164833535,0.074335635,0.7573505391603053,0.6791037675114494,-0.035836360469451156
pca_3,0.07298251505948562,0.05512354,0.7573505391603053,0.6791037675114494,-0.035836360469451156
pca_5,0.0,0.05004686,0.7573505391603053,0.6791037675114494,-0.035836360469451156
pca_8,-0.0,0.045205835,0.7573505391603053,0.6791037675114494,-0.035836360469451156
pca_7,-0.0450869879299484,0.043285888,0.7573505391603053,0.6791037675114494,-0.035836360469451156
pca_4,0.015425263809592332,0.04311528,0.7573505391603053,0.6791037675114494,-0.035836360469451156
pca_6,-0.031312984553526615,0.034552272,0.7573505391603053,0.6791037675114494,-0.035836360469451156
pca_9,0.0,0.024880838,0.7573505391603053,0.6791037675114494,-0.035836360469451156
