season,week,method,sample_count,fan_final_pearson,fan_final_spearman,judge_final_pearson,judge_final_spearman
1,2,rank,6,0.9411239481143204,0.9411239481143202,0.9411239481143204,0.9411239481143202
1,3,rank,5,0.9219544457292886,0.8999999999999998,0.9219544457292886,0.8999999999999998
1,4,rank,4,0.8366600265340756,0.7999999999999999,0.8366600265340757,0.7999999999999999
2,1,rank,10,0.9742240745590804,0.9573348703109935,0.9759656151490357,0.9785978481054537
2,2,rank,9,0.9813182138802905,0.9748243359065808,0.9809623075888577,0.9831311144536157
2,3,rank,8,0.9653981523413285,0.9581010095306072,0.9681037416806357,0.9757754965005869
2,4,rank,7,0.9964791318169686,1.0,0.9968056605717742,0.991031208965115
2,5,rank,6,0.9999999999999999,1.0,0.9999999999999999,1.0
2,6,rank,5,0.9851041099939042,0.9999999999999999,0.9837981563965341,0.9486832980505137
2,7,rank,4,0.9326733179802503,0.9486832980505139,0.9505863757867169,0.888888888888889
3,1,rank,11,0.9944677374934827,0.9954441676503464,0.9947047133190251,0.9931376117037632
3,2,rank,10,0.9878825508920452,0.996965091635306,0.9858858293991348,0.95068973677523
3,3,rank,9,0.975630805556077,0.9958246164193105,0.9754466572823748,0.9351103806213067
3,4,rank,8,0.9885862220339482,1.0,0.9876629881054763,0.9759000729485332
3,5,rank,7,0.9581402751608168,0.9910312089651149,0.9693312674859768,0.8743828992755145
3,7,rank,5,0.9921567416492213,0.9999999999999999,0.9938777433618282,0.9746794344808963
3,8,rank,4,0.8733337646093728,0.7999999999999999,0.8661541520797735,0.9486832980505139
4,2,rank,11,0.9861616260076624,0.9977246841962695,0.9842176673966102,0.9722280223008439
4,3,rank,10,0.9765162842137742,0.9878787878787878,0.9818402068210312,0.9566355184455129
4,4,rank,9,0.9845337374422185,0.991631652042901,0.9826562436210784,0.9533898305084746
4,5,rank,8,0.9940297973880047,0.9940297973880048,0.9940297973880048,0.9940297973880048
4,6,rank,7,0.9880597245261895,0.9910312089651149,0.9898338810326379,0.9818181818181818
4,7,rank,6,0.9914935292061409,1.0,0.9928594621115443,0.9710083124552246
4,8,rank,5,1.0,0.9999999999999999,1.0,0.9999999999999999
4,9,rank,4,0.9844951849708404,1.0,0.988538303359044,0.9486832980505139
5,1,rank,12,0.9744233580936938,0.9894797752097304,0.9736613906125244,0.9586799432502071
5,2,rank,11,0.9747409715469456,0.9977246841962695,0.9693529561263348,0.9413024106579683
5,3,rank,10,0.95514065372134,0.9361745372672995,0.9648949109380813,0.9722963217019398
5,4,rank,9,0.9875603688350723,1.0,0.9883424327948335,0.9660917830792958
5,5,rank,8,0.9838938731971583,0.9761904761904763,0.9819433854152155,0.9880235200593538
5,6,rank,7,0.9872177725716264,0.9910312089651149,0.9866701748335247,0.9818181818181818
5,7,rank,6,0.9940326972052326,1.0,0.9939751454043029,0.9856107606091624
5,8,rank,5,1.0,0.9999999999999999,1.0,0.9999999999999999
5,9,rank,4,0.9844951849708404,1.0,0.988538303359044,0.9486832980505139
6,2,rank,12,0.9912629233443407,0.9947414184151023,0.9920068135159399,0.9770318021201414
6,3,rank,10,0.9719124554908283,0.9878787878787878,0.9604278920823179,0.9254519912314692
6,4,rank,9,0.9612881982007269,0.9790880682441959,0.9614339114321174,0.9146635591184594
6,5,rank,8,0.98956890817302,0.9940297973880048,0.9899304307258827,0.9818362138701556
6,6,rank,7,0.9965881852095089,1.0,0.9961559741932576,0.991031208965115
6,7,rank,6,0.9800975119879275,0.9856107606091623,0.9772525204652183,0.9558823529411764
6,8,rank,5,0.9746794344808964,0.9746794344808964,0.9746794344808964,0.9746794344808964
6,9,rank,4,0.9486832980505138,0.9486832980505139,0.9486832980505138,0.9486832980505139
7,1,rank,13,0.9884427016470867,0.9903533062714965,0.9880986509919343,0.9875038098214304
7,2,rank,11,0.993057662984672,0.9977246841962695,0.9938709478838818,0.9816085127889523
7,4,rank,9,0.9869523557708699,0.9958246164193105,0.9870008191199039,0.9745013620514428
7,5,rank,8,0.9789556033532121,0.9700772721497397,0.9735436284122407,0.9818362138701556
7,6,rank,7,0.9962198895030502,1.0,0.9960587155195136,0.991031208965115
7,7,rank,6,0.9798988114454821,0.9856107606091623,0.981822621062078,0.9705882352941178
7,8,rank,5,0.9938837346736191,0.9999999999999999,0.9909924304103235,0.9746794344808963
7,9,rank,4,0.9811557810392123,1.0,0.9801539442281327,0.9486832980505139
8,2,rank,13,0.9786574951858797,0.9752103120315183,0.9767285254427712,0.9583481227703325
8,3,rank,12,0.993410532893872,0.9964973622679555,0.9944490975374531,0.985854605300315
8,4,rank,11,0.9866954028618169,0.990909090909091,0.9868917166717887,0.9680466217517131
8,5,rank,9,0.9815173884164444,0.9831920802501751,0.98292201995676,0.9745474991839799
8,6,rank,8,0.9422238029351538,0.934148484292342,0.944765144332197,0.9216867469879517
8,7,rank,7,0.8719401385778488,0.8001322641986388,0.8760137059587702,0.8991204081865278
8,8,rank,6,0.8877513587894788,0.8116794499134279,0.8866030672352515,0.8676470588235294
8,9,rank,5,0.9383148632568366,0.8999999999999998,0.9430225158385255,0.9746794344808963
8,10,rank,4,1.0,1.0,1.0,1.0
9,1,rank,16,0.9916881126932386,0.9904126469956732,0.9910254531535077,0.9903777694560503
9,2,rank,14,0.990675505095097,0.9945000517380604,0.9894509062551015,0.9777357782277547
9,3,rank,13,0.9956611191373284,0.9972489631508746,0.9956203062845704,0.9930853205827451
9,4,rank,11,0.9883746365172228,0.9908673886137246,0.9886020411412253,0.9792173920035248
9,5,rank,10,0.9872539530435613,0.996965091635306,0.9866684565430411,0.95994970174382
9,6,rank,9,0.9999999999999999,1.0,0.9999999999999999,1.0
9,7,rank,7,0.9781068006029948,0.9910312089651149,0.9787641505966482,0.9181818181818182
9,8,rank,5,0.9938837346736191,0.9999999999999999,0.9909924304103236,0.9746794344808963
9,9,rank,4,1.0,1.0,1.0,1.0
10,2,rank,11,0.9921208582971907,0.990909090909091,0.9920416187856885,0.9886130432447054
10,3,rank,10,0.993214618854786,0.9999999999999999,0.9934916727352926,0.9816498172140428
10,4,rank,9,0.9831920802501749,0.9790880682441959,0.9831920802501749,0.9790880682441959
10,5,rank,8,0.9977119678953291,1.0,0.9974624593483538,0.9940297973880049
10,6,rank,7,1.0,1.0,1.0,1.0
10,7,rank,6,0.9613462978473075,0.942857142857143,0.964133817137765,0.9710083124552246
10,8,rank,5,0.9901475429766744,0.9999999999999999,0.9908807141567177,0.9746794344808963
10,9,rank,4,0.9844951849708405,1.0,0.9885383033590441,0.9486832980505139
11,1,rank,12,0.9963570006414733,1.0,0.9957285824139357,0.9876864257062945
11,2,rank,11,0.9854604195745097,0.9954441676503464,0.9850111806986755,0.9491147605926049
11,3,rank,10,0.9874439783035291,0.9939209163101398,0.9887479063285249,0.9690188693534806
11,4,rank,9,0.9958246164193103,0.9958246164193105,0.9958246164193103,0.9958246164193105
11,5,rank,8,0.9793897607206515,0.9761904761904763,0.9802794036609519,0.9700772721497398
11,6,rank,7,0.9636241116594317,0.9549937104572925,0.9636241116594317,0.9549937104572925
11,7,rank,6,0.9954031313313568,1.0,0.9962306944324111,0.9856107606091624
11,8,rank,5,0.9921567416492215,0.9999999999999999,0.9938777433618283,0.9746794344808963
11,9,rank,4,1.0,1.0,1.0,1.0
12,2,rank,11,0.9880256137265216,0.990909090909091,0.9873968772525943,0.9793318687201541
12,3,rank,10,0.993311709439352,0.9999999999999999,0.9933440891662562,0.9785579990862869
12,4,rank,9,0.9871072555426559,0.9958246164193105,0.9879600424886168,0.9745013620514428
12,5,rank,8,0.9849962641151149,1.0,0.9811528536334987,0.9511897312113419
12,6,rank,7,0.997040538050167,1.0,0.9974785767886074,0.991031208965115
12,7,rank,6,0.9462249282844075,0.942857142857143,0.9440321649014344,0.9121593238215745
12,8,rank,5,0.9746794344808963,0.9746794344808964,0.9746794344808963,0.9746794344808964
12,9,rank,4,1.0,1.0,1.0,1.0
13,1,rank,12,0.9874676138209805,0.9859709816806179,0.9875768964497064,0.989419528226934
13,2,rank,11,0.9861060636768956,0.9977246841962695,0.9866183697569645,0.9675342130693789
13,3,rank,10,0.9846992992860368,0.9999999999999999,0.9855966054517217,0.9660917830792959
13,4,rank,9,0.9579824109382368,0.9539832459815244,0.9495857991080633,0.9702272332705154
13,5,rank,8,0.9715415405637583,0.9581010095306072,0.9737601813624739,0.969714779131018
13,6,rank,7,0.9970405380501669,1.0,0.9974785767886071,0.991031208965115
13,7,rank,6,0.9856107606091623,0.9856107606091623,0.9856107606091622,0.9856107606091623
13,8,rank,5,0.9901475429766744,0.9999999999999999,0.9908807141567177,0.9746794344808963
13,9,rank,4,1.0,1.0,1.0,1.0
14,2,rank,12,0.9911907650153361,0.99124495269876,0.9918358989104641,0.9806398819859751
14,3,rank,11,0.9908673886137245,1.0,0.9797958971132712,0.9510759457296009
14,4,rank,10,0.965531950221785,0.9634325446441845,0.9639298631011126,0.9505053951109216
14,5,rank,9,0.9933146092973153,0.9958246164193105,0.9942357132109501,0.9873505612967642
14,6,rank,8,0.988023520059354,0.9880235200593538,0.9880235200593539,0.9880235200593538
14,7,rank,7,0.9503288904374106,0.9274260335029679,0.9518416229854233,0.9633432944855657
14,8,rank,6,0.9940326972052326,1.0,0.9939751454043029,0.9856107606091624
14,9,rank,4,0.9486832980505138,0.9486832980505139,0.9486832980505138,0.9486832980505139
15,1,rank,13,0.9884374994652614,0.989010989010989,0.9887344350732891,0.9792765297180447
15,2,rank,12,0.9911237840535907,0.9930069930069931,0.9905424987297947,0.9929823694376382
15,3,rank,11,0.9815407578265398,0.9977246841962695,0.9825316751843268,0.9159948603150778
15,4,rank,9,0.9985380350198838,1.0,0.9986887016984985,0.9958246164193105
15,6,rank,8,0.9212502497232042,0.8742671711966791,0.9275453242660188,0.9394111922831736
15,8,rank,7,0.9784060920766275,0.9642857142857145,0.9804255082438389,0.991031208965115
15,9,rank,5,0.8944271909999159,0.8944271909999157,0.8944271909999159,0.8944271909999157
16,2,rank,12,0.9939619039870964,1.0,0.9937838644265229,0.9841399638930779
16,3,rank,11,0.9877932976284148,0.990909090909091,0.9882992460982165,0.9862693712811287
16,4,rank,10,0.9846971948601049,0.9848069807617047,0.9837229191647294,0.9724109379368433
16,5,rank,9,0.9809965284134692,0.9831920802501751,0.976944148760936,0.9658472446812929
16,6,rank,8,0.9853845512710819,0.9940297973880048,0.9853405985339209,0.9457831325301204
16,7,rank,7,0.9999999999999999,1.0,0.9999999999999999,1.0
16,8,rank,6,0.8944271909999157,0.9276336570439175,0.8944271909999157,0.8116794499134279
16,9,rank,5,0.9921567416492214,0.9999999999999999,0.9938777433618281,0.9746794344808963
16,10,rank,4,0.9844951849708404,1.0,0.988538303359044,0.9486832980505139
17,2,rank,12,0.9714620168288846,0.9789533946223928,0.9744799963462061,0.9469160032956347
17,3,rank,11,0.9669610896278412,0.9749455818173591,0.9645791581373564,0.916755092525809
17,4,rank,10,0.9728141072841934,0.9878787878787878,0.9757896384111069,0.9534625892455922
17,5,rank,9,0.9039181726391083,0.8954053273686237,0.9160323326216758,0.8714453079021097
17,7,rank,8,0.9767076031429325,0.9700772721497397,0.9791558286939532,0.9756823110194697
17,8,rank,7,0.9674466240041513,0.9549937104572925,0.9728071597148038,0.9725179925282852
17,9,rank,6,0.9795558927702487,0.9856107606091623,0.9793572433047237,0.9705882352941178
17,10,rank,5,1.0,0.9999999999999999,1.0,0.9999999999999999
17,11,rank,4,1.0,1.0,1.0,1.0
18,2,rank,11,0.9876649397969529,1.0,0.9868093193581375,0.9653072991634228
18,5,rank,9,0.9967749282509549,1.0,0.9968565567635695,0.991631652042901
18,6,rank,8,0.9959100033104784,1.0,0.9954180744075039,0.9880235200593538
18,7,rank,7,0.9819805060619656,0.981980506061966,0.9819805060619656,0.981980506061966
18,8,rank,6,0.9529470646935789,0.9856107606091623,0.9227996811655557,0.7514691493021796
18,9,rank,5,0.9386679716361959,0.8999999999999998,0.929991178462322,0.9746794344808963
18,10,rank,4,1.0,1.0,1.0,1.0
19,1,rank,13,0.9887390341976285,0.9875946619643335,0.9886327349522178,0.9806094182825487
19,2,rank,12,0.9889771406818826,0.9930069930069931,0.9855024261292178,0.9805806756909201
19,3,rank,11,0.9902277785866253,0.9977246841962695,0.990949385731404,0.9608030894559307
19,4,rank,10,0.9424585270153601,0.9179373709568976,0.9409084223218702,0.9512195121951219
19,6,rank,9,0.963481861426201,0.978945010372561,0.9573676875140461,0.8884856665478723
19,7,rank,8,0.957427107756338,0.9461247469114746,0.957427107756338,0.9461247469114746
19,8,rank,7,1.0,1.0,1.0,1.0
19,9,rank,6,0.9809836823546731,0.9856107606091623,0.98442775029235,0.9705882352941178
19,10,rank,5,0.8944271909999159,0.8944271909999157,0.8944271909999159,0.8944271909999157
19,11,rank,4,0.8366600265340756,0.7999999999999999,0.8366600265340757,0.7999999999999999
20,2,rank,12,0.9696848839443925,0.9754446010932804,0.9711694057503371,0.9660523648885244
20,3,rank,11,0.9843825326190099,0.9818181818181818,0.9843303211022485,0.9771791370512576
20,4,rank,10,0.976106372511761,0.9573348703109935,0.9753814271219314,0.9846625766871165
20,5,rank,9,0.9618089480761699,0.9580170197702604,0.9604649301246599,0.965966192580946
20,6,rank,8,0.9651721031981371,0.9523809523809524,0.9647448246083963,0.9639253854237597
20,7,rank,7,0.9955914553877289,1.0,0.9942355851743487,0.981980506061966
20,8,rank,6,0.9710083124552242,0.9710083124552245,0.9710083124552242,0.9710083124552245
20,9,rank,4,0.9326733179802503,0.9486832980505139,0.9505863757867168,0.888888888888889
21,2,rank,13,0.947258259433069,0.9725274725274725,0.946889097959638,0.8404977220207887
21,4,rank,10,0.9794228325678865,0.9757575757575757,0.98263456670761,0.9755335594323594
21,6,rank,9,0.913883663193154,0.912141875543738,0.9290185134527915,0.9403083318040236
21,7,rank,8,0.9639253854237596,0.9880235200593538,0.9671157280228584,0.8386549236063445
21,8,rank,7,0.9689359619684481,0.9642857142857145,0.9698729938429814,0.9549937104572924
21,9,rank,6,0.9809836823546731,0.9856107606091623,0.98442775029235,0.9705882352941178
21,11,rank,4,0.9326733179802503,1.0,0.9505863757867166,0.7745966692414834
22,2,rank,12,0.9910801612016668,1.0,0.991512411997783,0.9770084209183946
22,3,rank,11,0.9907008646744928,0.990909090909091,0.9891933965461224,0.9862693712811287
22,4,rank,10,0.9941353130047662,0.996965091635306,0.9947194871117669,0.984681107500715
22,6,rank,9,0.9141593206635896,0.9159987294294595,0.8919392251623344,0.8155182446574675
22,7,rank,8,0.9652943485372384,0.9940297973880048,0.9630557055191515,0.8309943925237006
22,8,rank,6,0.9954031313313567,1.0,0.9962306944324111,0.9856107606091624
22,9,rank,5,0.9746794344808964,0.9746794344808964,0.9746794344808964,0.9746794344808964
23,2,rank,13,0.9719575951304686,0.968284151814193,0.9678496941208338,0.963847054866082
23,3,rank,12,0.9408677056457688,0.9470496802718942,0.9284335806534825,0.8875
23,4,rank,11,0.9856734230179514,0.9886130432447054,0.9852054225172002,0.9770000221185818
23,6,rank,9,0.9497207683393715,0.94120970363394,0.9475262961481421,0.923728813559322
23,7,rank,8,0.9391571591524231,0.9047619047619048,0.9431728485447818,0.9636241116594316
23,8,rank,7,0.9871924680993902,0.9910312089651149,0.9875752833520305,0.9727272727272728
23,9,rank,6,0.8165823428712352,0.6982532518267538,0.8084620889876205,0.8754275592730113
23,10,rank,5,0.7977240352174657,0.8207826816681233,0.8461141122266493,0.8157894736842107
23,11,rank,4,1.0,1.0,1.0,1.0
24,2,rank,12,0.9832922796377477,0.9790209790209792,0.9826815948597918,0.9876864257062945
24,3,rank,11,0.9821836965423428,0.9840572227689233,0.9778639236195559,0.9538742210223544
24,4,rank,10,0.9824737353473172,0.9878787878787878,0.9809855047305746,0.9573348703109935
24,5,rank,9,0.9714066566984365,0.9790880682441959,0.9701736122606655,0.94093664602213
24,6,rank,8,0.9574271077563382,0.9523809523809524,0.9574271077563381,0.9523809523809524
24,7,rank,7,0.9964791318169688,1.0,0.9968056605717741,0.991031208965115
24,8,rank,5,0.9219544457292888,0.8999999999999998,0.9219544457292888,0.8999999999999998
24,9,rank,4,0.9486832980505138,0.9486832980505139,0.9486832980505138,0.9486832980505139
25,2,rank,13,0.9978853020201479,1.0,0.9978745104306551,0.9931081191208418
25,4,rank,11,0.9464206973694242,0.9977246841962695,0.9373713681267488,0.7278295818966454
25,5,rank,10,0.9940010171028472,0.996965091635306,0.9934516868818022,0.984681107500715
25,6,rank,9,0.992619114431096,0.9958246164193105,0.9923044251841515,0.9873505612967642
25,7,rank,8,0.9776463912070801,0.9761904761904763,0.9793840134289563,0.9639253854237597
25,8,rank,6,0.9999999999999998,1.0,0.9999999999999998,1.0
25,9,rank,5,1.0,0.9999999999999999,1.0,0.9999999999999999
25,10,rank,4,0.9844951849708404,1.0,0.988538303359044,0.9486832980505139
26,1,rank,10,0.9507332273523885,0.9361745372672995,0.9567083644833139,0.9540056835910354
26,2,rank,8,0.9262387088844234,0.9581010095306072,0.927802659789625,0.8598200365859077
26,3,rank,6,0.9940326972052326,1.0,0.993975145404303,0.9856107606091624
27,1,rank,13,0.9923721235559486,0.9945054945054945,0.9924994170096738,0.9861680751917863
27,2,rank,12,0.9920619989420112,0.9930069930069931,0.9933368094436288,0.9859399412855983
27,3,rank,11,0.9933706067160839,0.9977246841962695,0.9943297680708085,0.9816085127889523
27,4,rank,10,0.9762269894022171,0.9665698144513026,0.9777553030980812,0.975539729830124
27,6,rank,9,0.9319689782769534,0.9456149718939671,0.9337492215976125,0.8860838370611986
27,7,rank,8,0.9362015603607357,0.9221722216732094,0.9289886788130806,0.8915662650602408
27,8,rank,6,0.9943613502811663,1.0,0.9948974213627086,0.9856107606091624
28,2,rank,12,0.9851565164877675,0.9859709816806179,0.9857505326225456,0.9663363600551246
28,4,rank,10,0.985888936253646,0.996965091635306,0.9899499395645772,0.9627402883667394
28,6,rank,9,0.8135927569886199,0.7899438584070567,0.8524743082517268,0.8492641687414219
28,7,rank,8,0.9491697741713733,0.95150257112482,0.9627230330172507,0.95
28,8,rank,7,0.9161253813129042,0.9265616458263766,0.9161253813129042,0.8894991799933215
28,9,rank,6,0.956182887467515,0.942857142857143,0.9561828874675149,0.942857142857143
28,10,rank,5,0.9649012813540154,0.9746794344808964,0.9600156738532384,0.9210526315789475
29,2,rank,15,0.9784962354447551,0.9919575006559453,0.9761160607723686,0.9506032450231032
29,3,rank,14,0.9692599112246306,0.9658971741438244,0.9714794527967583,0.9567839173615492
29,4,rank,13,0.9708906358732673,0.9834748062012769,0.9661237796174587,0.9072649886300297
29,5,rank,12,0.972078676245379,0.9842396880153765,0.9685039370078738,0.9460475573993329
29,6,rank,11,0.9775419353123,0.9886130432447054,0.9834187628372233,0.944182983196012
29,7,rank,10,0.9753374629297139,0.9878787878787878,0.9781293037282092,0.963030185206165
29,8,rank,8,0.9276854778150083,0.8783100656536799,0.9334470504939588,0.9506897367752302
29,9,rank,7,0.9856931110091565,0.9910312089651149,0.9880305416354048,0.9725179925282852
29,10,rank,6,0.9311646842384715,0.8986451052612952,0.9362044689268286,0.9404032585917882
30,2,rank,15,0.9921286601908754,0.9937448114679381,0.9919437876544349,0.9847180156789224
30,3,rank,14,0.9452169341889959,0.9295176733460787,0.948526081132897,0.9420764061236446
30,4,rank,13,0.9860978428037622,0.9807199748113574,0.9869842317265191,0.973721539958569
30,5,rank,11,0.8691747580085042,0.8792733518259361,0.8829028296027474,0.9101333014311027
30,6,rank,10,0.9748356643260322,0.9787279253249042,0.9749586439310705,0.9349449333537395
30,7,rank,9,0.9836756584602062,0.9833333333333333,0.9804658597503233,0.978945010372561
30,8,rank,8,0.9798272520870255,0.9880235200593538,0.9851430923690204,0.9630363567333499
30,9,rank,6,0.919371981379512,0.9276336570439175,0.9185623603013982,0.8970588235294118
31,1,rank,16,0.977723334021966,0.9705459715583838,0.9773827324334696,0.9829635673183572
31,2,rank,15,0.9871893939998663,0.9883652477914252,0.9887194397793856,0.9792562352088651
31,3,rank,14,0.984653138928461,0.9856724259532902,0.9866030796084201,0.9745035041732878
31,4,rank,13,0.9786682422624114,0.9807199748113574,0.9807268797296695,0.9707859856239767
31,5,rank,12,0.9296935692059054,0.9403566658021552,0.9324705923484085,0.8855633802816899
31,6,rank,10,0.9312673825250304,0.966401527166472,0.92260900119542,0.7407437469876466
31,7,rank,9,0.9888402230102297,0.991631652042901,0.990094603390565,0.9830508474576273
31,8,rank,8,0.9957367611691208,1.0,0.9960653504403771,0.9880235200593538
31,9,rank,6,0.9914935292061405,1.0,0.992859462111544,0.9710083124552246
32,1,rank,14,0.9773861917563955,0.9735706436468409,0.9746124060247902,0.9744878131357897
32,2,rank,13,0.9628299605357619,0.9683640522700839,0.9609101172781648,0.9264210568451772
32,3,rank,12,0.987658208262184,0.99124495269876,0.9885635480220293,0.9665552876307006
32,4,rank,11,0.957751266280096,0.961278120390013,0.9528081306556053,0.9492549753999701
32,5,rank,10,0.9212498168812893,0.9231861823449954,0.9277339608596926,0.8600296355509931
32,6,rank,9,0.9530652303663865,0.9530652303663864,0.9530652303663865,0.9530652303663864
32,7,rank,8,0.8887886398864688,0.8982196964349441,0.9023676499944266,0.8363789970005029
32,8,rank,7,0.9636241116594317,0.9549937104572925,0.9636241116594316,0.9549937104572925
32,9,rank,6,0.9999999999999999,1.0,0.9999999999999999,1.0
33,2,rank,13,0.9813457666275489,0.9821192234671022,0.9824255472660494,0.9540500585491715
33,3,rank,11,0.9889960604305608,0.986311652350802,0.9891582399814444,0.9885321100917431
33,4,rank,9,0.8761958501984036,0.8954053273686237,0.8246340416973716,0.7186269906696167
33,5,rank,8,0.9619924164463961,0.9761904761904763,0.9442106154111453,0.8894991799933214
33,6,rank,7,0.9176629354822471,0.9369749612033814,0.9226129063148778,0.8705196492275475
33,7,rank,6,0.9999999999999998,1.0,0.9999999999999998,1.0
34,2,rank,14,0.9543838555322545,0.9537468070114979,0.9640728881777019,0.9415914668218675
34,3,rank,12,0.948950849382288,0.9352028352316922,0.9496439325925494,0.953892561326263
34,4,rank,11,0.9288784755688211,0.9066082746806284,0.9341864423688077,0.9350455600193086
34,6,rank,10,0.9752901920046047,0.9726488698881034,0.9783467061898694,0.9784454111552825
34,7,rank,9,0.9511281039117504,0.94120970363394,0.9518596107951841,0.9367171991789814
34,8,rank,8,0.9853845512710819,0.9880235200593538,0.985340598533921,0.9818362138701557
34,9,rank,7,0.9879973829081765,1.0,0.9915528306000818,0.9636241116594317
34,10,rank,6,0.8674702520656972,0.8986451052612952,0.8618020896428269,0.8060599359358184
1,2,percent,6,0.9890420502988995,1.0,0.9372821242113546,1.0
1,3,percent,5,0.998492510434663,0.8999999999999998,0.9896989464233643,0.9999999999999999
1,4,percent,4,0.9947858592755943,0.7999999999999999,0.8328042746697704,1.0
2,1,percent,10,0.9752502086100862,0.9999999999999999,0.8654148086646716,0.9483326481409007
2,2,percent,9,0.9869292937612656,1.0,0.9247562775821069,0.9539832459815243
2,3,percent,8,0.9964244621395951,0.9761904761904763,0.9453990416433282,0.9880235200593538
2,4,percent,7,0.9868097301440881,1.0,0.9325062990337449,0.991031208965115
2,5,percent,6,0.9979665619831339,1.0,0.9092879339863102,0.942857142857143
2,6,percent,5,0.9990961633642403,0.9999999999999999,0.9583439954183022,0.9486832980505137
2,7,percent,4,0.9970217306406495,1.0,0.8112185040146274,0.9486832980505139
3,1,percent,11,0.9872492630608142,0.9727272727272729,0.9536991561535682,0.9886130432447054
3,2,percent,10,0.9862684700108731,0.9999999999999999,0.7846058040917233,0.8616404368553291
3,3,percent,9,0.9863088575039515,1.0,0.7717719365797746,0.848140617848986
3,4,percent,8,0.9962377530519133,1.0,0.8683590331416473,0.8539125638299666
3,5,percent,7,0.9984673219950575,1.0,0.7783420927534788,0.7968190728895957
3,7,percent,5,0.9993490509613752,0.9999999999999999,0.9623491999490599,0.9746794344808963
3,8,percent,4,0.9994671013380965,1.0,0.7200643415846462,0.9486832980505139
4,2,percent,11,0.992123737762017,1.0,0.8581283659963436,0.9187169789126154
4,3,percent,10,0.9857257949288848,0.9878787878787878,0.7654216476001917,0.8932821728530946
4,4,percent,9,0.9934898975346699,0.9833333333333333,0.9543481922993708,0.9159987294294596
4,5,percent,8,0.9919399465000203,1.0,0.963410753402388,1.0
4,6,percent,7,0.9976696256593427,0.9642857142857145,0.9288956804105309,0.9549937104572924
4,7,percent,6,0.9944251635410546,1.0,0.9136072038092413,0.9121593238215745
4,8,percent,5,0.9994966155815486,0.9999999999999999,0.9923064690479891,0.9999999999999999
4,9,percent,4,0.9999798794972906,1.0,0.9630862886340351,0.9486832980505139
5,1,percent,12,0.9906978682628408,0.9930069930069931,0.9328576211277539,0.9625868410556143
5,2,percent,11,0.9878121860650559,0.9818181818181818,0.8538795066554028,0.9248587115682246
5,3,percent,10,0.9957769809159993,0.9878787878787878,0.9462746279794823,0.9354953314429287
5,4,percent,9,0.99812050167419,1.0,0.9065619259528732,0.948840144095737
5,5,percent,8,0.997589966823127,0.9761904761904763,0.9353720206163411,0.9518763181059627
5,6,percent,7,0.9980587794869052,0.9642857142857145,0.8836894614537726,0.900937462695559
5,7,percent,6,0.9999150384003366,1.0,0.9577196741272112,0.9856107606091624
5,8,percent,5,0.9991867060625041,0.9999999999999999,0.8765895395562306,0.7
5,9,percent,4,0.9999148879703695,1.0,0.8966354436710516,0.7378647873726218
6,2,percent,12,0.9939008882280809,0.9930069930069931,0.9546043915854382,0.9877114437266564
6,3,percent,10,0.9870191072814273,0.9393939393939393,0.7936402550752231,0.9066928292470475
6,4,percent,9,0.9955695886252832,1.0,0.931319565967255,0.9534073144497984
6,5,percent,8,0.993864215055275,1.0,0.8533353662492219,0.9518763181059627
6,6,percent,7,0.9972078840937546,1.0,0.9466587134805668,0.9549937104572924
6,7,percent,6,0.9978626511708311,1.0,0.6509461811843883,0.753702346348183
6,8,percent,5,0.9994613418511381,0.9999999999999999,0.8272858694151657,0.7
6,9,percent,4,0.9999598251435062,1.0,0.9844468961820894,1.0
7,1,percent,13,0.9867620771899877,0.9835164835164836,0.8911802408262166,0.9654449403152474
7,2,percent,11,0.990293234183043,0.9818181818181818,0.8455836305929598,0.8598269160600843
7,4,percent,9,0.9953075315417647,0.9666666666666667,0.9362613193334017,0.978945010372561
7,5,percent,8,0.9972224043166519,1.0,0.9384487293993254,0.8916309815169778
7,6,percent,7,0.9986127480914204,0.9642857142857145,0.9887988807126332,0.991031208965115
7,7,percent,6,0.9906316972401192,1.0,0.718746321870379,0.8116794499134278
7,8,percent,5,0.9989457231352611,0.9999999999999999,0.8887236667942521,0.9746794344808963
7,9,percent,4,0.9956060966317521,1.0,0.7433132657767798,0.9486832980505139
8,2,percent,13,0.9697224263715368,0.989010989010989,0.8574098020214189,0.9418607779765288
8,3,percent,12,0.9646909191760837,0.9790209790209792,0.9047797623148306,0.9559454586332539
8,4,percent,11,0.9944617880546794,0.9818181818181818,0.9751791741622403,0.986311652350802
8,5,percent,9,0.9894470760249374,1.0,0.8222702851720064,0.8786687791935092
8,6,percent,8,0.9983937763381916,0.9761904761904763,0.9848369832702486,0.9940297973880049
8,7,percent,7,0.9994632327346846,1.0,0.9827711844034457,0.991031208965115
8,8,percent,6,0.9953921186320073,1.0,0.6290726192538639,0.9276336570439174
8,9,percent,5,0.9981857593840686,0.9999999999999999,0.8381605481231234,0.8720815992723809
8,10,percent,4,0.9996027039602456,1.0,0.976886485836618,1.0
9,1,percent,16,0.9733662620492951,0.9911764705882352,0.8886700345075162,0.9970544855015814
9,2,percent,14,0.9646431761387151,1.0,0.8149506513044403,0.9677005619199919
9,3,percent,13,0.9912373419258895,0.9945054945054945,0.9132168033504404,0.9903533062714965
9,4,percent,11,0.985836193880173,1.0,0.9292589937747447,0.9565442794378867
9,5,percent,10,0.986785886887855,0.9878787878787878,0.7786341981919477,0.9662682041877618
9,6,percent,9,0.9946257344560476,1.0,0.924196059894461,0.9333333333333332
9,7,percent,7,0.9993076572420574,1.0,0.9464930514213967,0.8829187134416479
9,8,percent,5,0.9971645114275602,0.9999999999999999,0.7333389359580762,0.9746794344808963
9,9,percent,4,0.9987839171701296,1.0,0.6892799952727955,0.39999999999999997
10,2,percent,11,0.9606805756470738,0.9818181818181818,0.8322431788717739,0.8883849927775002
10,3,percent,10,0.9932312131252191,0.9878787878787878,0.9666937193725538,0.9816498172140428
10,4,percent,9,0.9860456753123802,0.9500000000000001,0.8990323029565851,0.9666666666666667
10,5,percent,8,0.9840113578226892,1.0,0.9185352880155707,0.9221722216732094
10,6,percent,7,0.9927019064519989,1.0,0.9015082918245674,1.0
10,7,percent,6,0.9994154062995406,1.0,0.7953331172359955,0.8827348295047495
10,8,percent,5,0.9952496941772082,0.9999999999999999,0.8969602777809542,0.9746794344808963
10,9,percent,4,0.9999924272790482,1.0,0.998776168590983,0.9486832980505139
11,1,percent,12,0.9764793577152839,0.9720279720279721,0.8949231775069254,0.9876864257062945
11,2,percent,11,0.9973734364427622,0.9818181818181818,0.9832370639647806,0.9862693712811287
11,3,percent,10,0.9920110752345321,0.9999999999999999,0.9043534036888627,0.944606427885211
11,4,percent,9,0.9789912451414957,1.0,0.9180534570053923,0.9500000000000001
11,5,percent,8,0.9833835466235135,1.0,0.7672352441071785,0.9221722216732094
11,6,percent,7,0.9782150434146627,1.0,0.5359982405350009,0.42857142857142866
11,7,percent,6,0.9987257225787356,1.0,0.7028506150676332,0.8116794499134278
11,8,percent,5,0.9950944887220281,0.9999999999999999,0.7899104865114724,0.8720815992723809
11,9,percent,4,0.9979017736108833,1.0,0.4256763565016509,0.7999999999999999
12,2,percent,11,0.9878312953828524,0.990909090909091,0.8705603102021336,0.9793318687201541
12,3,percent,10,0.9972964910454625,0.9999999999999999,0.9723461591579587,0.9785579990862869
12,4,percent,9,0.9904517403202607,1.0,0.8208382988940585,0.961919879757386
12,5,percent,8,0.9946925264278325,1.0,0.8373820792705857,0.9511897312113419
12,6,percent,7,0.9996426708989274,1.0,0.9867516276300102,0.991031208965115
12,7,percent,6,0.999844466021917,1.0,0.9352002321935153,0.7061878636037997
12,8,percent,5,0.9966418715785328,0.9999999999999999,0.593828189884768,0.8999999999999998
12,9,percent,4,0.9962177470900583,1.0,0.9380284433615054,1.0
13,1,percent,12,0.9839185995376885,0.9790209790209792,0.9047341482336592,0.9841964563824335
13,2,percent,11,0.9923897935255052,1.0,0.7519735644352541,0.8227533512074423
13,3,percent,10,0.9940246306591624,0.9393939393939393,0.7576833951537635,0.8343519944775737
13,4,percent,9,0.9936675597641698,1.0,0.8784031100557006,0.9448947491422109
13,5,percent,8,0.9982839442400191,1.0,0.9622326385952953,0.9880235200593538
13,6,percent,7,0.9850378757028537,0.9642857142857145,0.8681477539935076,0.8829187134416479
13,7,percent,6,0.9985410342525687,1.0,0.8512265580052438,0.942857142857143
13,8,percent,5,0.9960644780460375,0.9999999999999999,0.8870212415913848,0.9746794344808963
13,9,percent,4,0.999901429372277,1.0,0.9970259326927894,1.0
14,2,percent,12,0.995219994914806,0.9790209790209792,0.9582089771192882,0.9947414184151023
14,3,percent,11,0.9941924219491088,1.0,0.7995834254558283,0.9510759457296009
14,4,percent,10,0.9927238190505073,0.9878787878787878,0.8532518184414144,0.9724227787367284
14,5,percent,9,0.9987188151601842,1.0,0.9822200589221382,0.9748243359065808
14,6,percent,8,0.9939543817432285,1.0,0.9494828680360222,1.0
14,7,percent,7,0.9986075003379229,1.0,0.8109533447194661,0.9549937104572924
14,8,percent,6,0.9988725480436463,1.0,0.6387438866983328,0.6377481392176932
14,9,percent,4,0.9996324737275392,1.0,-0.3168700148610929,-0.19999999999999998
15,1,percent,13,0.995395195058354,0.9835164835164836,0.9324155968006548,0.9792765297180447
15,2,percent,12,0.9825059748389412,0.9860139860139862,0.6668361276736654,0.8873459471570384
15,3,percent,11,0.9968773766406767,1.0,0.6914955484728277,0.8461270259576538
15,4,percent,9,0.9947899273929977,1.0,0.847805097574537,0.9456149718939671
15,6,percent,8,0.9968479657132788,1.0,0.28480248083724485,0.3494229522161129
15,8,percent,7,0.9978387558688733,0.9642857142857145,0.7232164436151737,0.41443123283995714
15,9,percent,5,0.9993617879030643,0.9999999999999999,0.6510309031896941,0.8999999999999998
16,2,percent,12,0.9797019105319477,1.0,0.9167329869895976,0.9841399638930779
16,3,percent,11,0.9964464853792218,1.0,0.9733988287306351,0.9770519005214919
16,4,percent,10,0.9916811955822324,0.9878787878787878,0.9300001682347389,0.9908673886137245
16,5,percent,9,0.9955267628479897,0.9833333333333333,0.9483176180640629,0.991631652042901
16,6,percent,8,0.9986324919492889,1.0,0.9657221429434623,0.9940297973880049
16,7,percent,7,0.998793063121894,1.0,0.9894694423726503,1.0
16,8,percent,6,0.9995610292861271,1.0,0.9838835419247071,1.0
16,9,percent,5,0.9999315605897863,0.9999999999999999,0.9911284931258788,0.9746794344808963
16,10,percent,4,0.9997864403754115,1.0,0.815159899154141,0.7378647873726218
17,2,percent,12,0.9958529482814088,1.0,0.9548635567558911,0.9771103027358351
17,3,percent,11,0.9975260735188479,0.9818181818181818,0.9828895364366341,0.9839623052646977
17,4,percent,10,0.9955071277078699,0.9999999999999999,0.9556701571952386,0.9534625892455922
17,5,percent,9,0.9932958751243144,1.0,0.48554583147299896,0.41894116043477125
17,7,percent,8,0.9973124802587394,1.0,0.7618791215056551,0.8849947770681914
17,8,percent,7,0.9953052506551539,1.0,0.754054367838004,0.8728715609439697
17,9,percent,6,0.99477931587546,1.0,0.6900918987210457,0.6377481392176932
17,10,percent,5,0.9993396360940672,0.9999999999999999,0.9567258440020386,0.8999999999999998
17,11,percent,4,0.9995746615869477,1.0,0.9719656745581379,1.0
18,2,percent,11,0.9933656347038087,1.0,0.9200152513211752,0.9653072991634228
18,5,percent,9,0.9888690551756979,1.0,0.7412135248808236,0.9748243359065808
18,6,percent,8,0.994133318382228,0.9761904761904763,0.8104660540083825,0.9880235200593538
18,7,percent,7,0.9987982322934809,0.9642857142857145,0.9024223091959926,0.9642857142857145
18,8,percent,6,0.9961128444905039,1.0,0.3840149816972517,0.555492059863531
18,9,percent,5,0.9991038700531146,0.9999999999999999,0.5972921105251365,0.6668859288553503
18,10,percent,4,0.9964424717824537,1.0,0.32328377317449664,0.7999999999999999
19,1,percent,13,0.9832169173827165,0.989010989010989,0.9085157448676386,0.968284151814193
19,2,percent,12,0.9937635927174763,0.9860139860139862,0.8761426336091381,0.9556204403096967
19,3,percent,11,0.9857777548646317,0.9818181818181818,0.8886508146925912,0.9678344297618552
19,4,percent,10,0.9786913423016099,0.9999999999999999,0.8543742473062749,0.8814630383360937
19,6,percent,9,0.9909034902021269,0.9666666666666667,0.7770694253824826,0.8403658068160179
19,7,percent,8,0.9951727356380042,0.9761904761904763,0.8658306633509755,0.9761904761904763
19,8,percent,7,0.999075761573121,0.9642857142857145,0.9905781486905313,1.0
19,9,percent,6,0.9906310233700887,1.0,0.6783524449306781,0.9276336570439174
19,10,percent,5,0.9998938800375219,0.9999999999999999,0.9952074417848898,0.8999999999999998
19,11,percent,4,0.999940311464824,1.0,0.9376960316377997,1.0
20,2,percent,12,0.9764415904487433,1.0,0.6273000800229989,0.7672666203082493
20,3,percent,11,0.9948146592462136,0.990909090909091,0.9611056528545596,0.9954441676503465
20,4,percent,10,0.9935700227675689,0.9999999999999999,0.8825878637758338,0.9451395216446115
20,5,percent,9,0.9880225238724384,0.9833333333333333,0.8833643691630608,0.8355099778440249
20,6,percent,8,0.9988036408142846,0.9285714285714287,0.828253595518079,0.9518763181059627
20,7,percent,7,0.9884858128679224,1.0,0.5264409975935792,0.43643578047198484
20,8,percent,6,0.9971578965593678,1.0,0.8920658685208291,0.8857142857142858
20,9,percent,4,0.9995731971418444,1.0,0.11634277700874407,0.10540925533894598
21,2,percent,13,0.996907063749025,0.989010989010989,0.9518342459066241,0.9581674031036992
21,4,percent,10,0.9968971766857094,0.9878787878787878,0.9744575692674551,0.9878044218151566
21,6,percent,9,0.9871191015691014,0.9833333333333333,0.9248462219239437,0.978945010372561
21,7,percent,8,0.9987371725146856,1.0,0.46783735266272825,0.6260614855788015
21,8,percent,7,0.9967762432700089,1.0,0.8939378058716075,0.9369749612033815
21,9,percent,6,0.9954715643879433,1.0,0.6580690536569102,0.4928053803045812
21,11,percent,4,0.999107255684411,1.0,0.11415244724933532,0.2581988897471611
22,2,percent,12,0.9964862915144161,1.0,0.9770023629399751,0.9770084209183946
22,3,percent,11,0.9926787253992586,0.9727272727272729,0.8896392196111867,0.9724431651416735
22,4,percent,10,0.992452043813193,0.9999999999999999,0.8927741073734718,0.9419356657192196
22,6,percent,9,0.9953894281998631,0.9833333333333333,0.904571125648763,0.893819357296686
22,7,percent,8,0.9992711851844891,1.0,0.7191302036727141,0.5757201004700229
22,8,percent,6,0.9982645933524216,1.0,0.5284216473762438,0.4928053803045812
22,9,percent,5,0.999204802450063,0.8999999999999998,0.5340486399781342,0.49999999999999994
23,2,percent,13,0.9919182773268513,0.9945054945054945,0.8915423254557395,0.9529414930115466
23,3,percent,12,0.9900524157990871,0.9930069930069931,0.8846793978936898,0.9753198199815029
23,4,percent,11,0.9874393677959197,0.990909090909091,0.8507647984071914,0.9425910042369909
23,6,percent,9,0.9936368836464687,1.0,0.9114236269844459,0.9664206778384206
23,7,percent,8,0.997710787027855,0.9761904761904763,0.7886212756655958,0.9265616458263766
23,8,percent,7,0.9874772472636766,0.9642857142857145,0.8241523577752643,0.8468812149338255
23,9,percent,6,0.9988873582533109,1.0,0.8460282778650512,0.9710083124552246
23,10,percent,5,0.999586212433137,0.9999999999999999,0.254967930480276,0.10259783520851543
23,11,percent,4,0.9999757887097813,1.0,0.9946137790346221,1.0
24,2,percent,12,0.9944715711091718,1.0,0.9419525161865199,0.9735260468431217
24,3,percent,11,0.986814737950696,0.990909090909091,0.885980028728147,0.9862693712811287
24,4,percent,10,0.9939662767624045,0.9878787878787878,0.8710609862136074,0.9756278933105667
24,5,percent,9,0.98826313342905,0.9666666666666667,0.7308572304968499,0.8655767810204985
24,6,percent,8,0.9970937310646121,0.9523809523809524,0.4316073134556192,0.4523809523809524
24,7,percent,7,0.9968080392891023,1.0,0.7996567263503742,0.702731220902536
24,8,percent,5,0.9995433261242825,0.9999999999999999,0.9865767991880477,0.9999999999999999
24,9,percent,4,0.9972977383369495,1.0,-0.37141557474264475,-0.39999999999999997
25,2,percent,13,0.9933392422170813,0.989010989010989,0.8784143077051487,0.9045859469429396
25,4,percent,11,0.9921735077217914,1.0,0.7797529545371314,0.9070973226867958
25,5,percent,10,0.9944587175874408,0.9636363636363635,0.8588791802225173,0.9480521310810327
25,6,percent,9,0.9938389925163221,1.0,0.9269596987595909,0.991631652042901
25,7,percent,8,0.995160452445685,0.9761904761904763,0.7201674143999874,0.8072875102923989
25,8,percent,6,0.9970898548625302,1.0,0.7599557875516699,0.8285714285714287
25,9,percent,5,0.9983628429147143,0.9999999999999999,0.6805710508231457,0.7
25,10,percent,4,0.999946259298182,1.0,0.9724855404494663,0.9486832980505139
26,1,percent,10,0.99644430110266,0.9999999999999999,0.9095792108613189,0.9541685964428458
26,2,percent,8,0.9959972609575944,1.0,0.7566028922597532,0.7395161835775298
26,3,percent,6,0.9988603891539525,1.0,0.934625804650274,0.9856107606091624
27,1,percent,13,0.9808869989253892,1.0,0.8428108295938689,0.980596504145505
27,2,percent,12,0.9899164125704468,0.9860139860139862,0.9048391865518328,0.9718550849815182
27,3,percent,11,0.9896614584675764,1.0,0.8778863556595509,0.9517870140344251
27,4,percent,10,0.9741305566647871,0.9636363636363635,0.6095200299753397,0.6402558049850593
27,6,percent,9,0.9875563296790117,1.0,0.8466880275705345,0.890787755224979
27,7,percent,8,0.9979504108410402,1.0,0.6941012847583459,0.7425282823862205
27,8,percent,6,0.9918714990217607,0.942857142857143,0.7345989311861105,0.5797710356524485
28,2,percent,12,0.9969200247921314,0.9930069930069931,0.9604599280371562,0.9611847501266986
28,4,percent,10,0.9956496067352516,0.9878787878787878,0.9388017898500973,0.9472718132790499
28,6,percent,9,0.998460063984309,0.9833333333333333,0.8477558470012814,0.8720815992723809
28,7,percent,8,0.9988270812058595,1.0,0.8765902336918475,0.9027075674773933
28,8,percent,7,0.9979845267912537,0.9642857142857145,0.9472459220492875,0.9642857142857145
28,9,percent,6,0.9954215567548909,1.0,0.8805559445642634,0.942857142857143
28,10,percent,5,0.9985452384905817,0.8999999999999998,0.7087016821701427,0.8207826816681234
29,2,percent,15,0.9857079231701817,0.9964285714285712,0.8879351705154468,0.9654754565201837
29,3,percent,14,0.9856297208310159,0.9824175824175824,0.8755048711157394,0.956839381116751
29,4,percent,13,0.9960699169319192,0.9780219780219779,0.893222843166287,0.9564701588837808
29,5,percent,12,0.9972667455726272,0.9930069930069931,0.947028761983681,0.960768922830523
29,6,percent,11,0.9959438559575969,0.9727272727272729,0.8083029228485696,0.8534274474162873
29,7,percent,10,0.9903584612979744,0.9515151515151514,0.70127515669506,0.9381777933298769
29,8,percent,8,0.9972912190931758,1.0,0.7691098691040043,0.9036800488347748
29,9,percent,7,0.9933996876790517,1.0,0.7268215987622746,0.6910233190806426
29,10,percent,6,0.9999219063288743,1.0,0.9436334422646816,0.9710083124552246
30,2,percent,15,0.9946281307610904,0.9857142857142854,0.9364292498593464,0.9640537256404983
30,3,percent,14,0.9965608368300548,0.9912087912087912,0.8687092834220509,0.8721453781552481
30,4,percent,13,0.998407838047926,0.9945054945054945,0.906831931192514,0.877248889677816
30,5,percent,11,0.9986798196778327,0.990909090909091,0.9078439457556394,0.9224002890744369
30,6,percent,10,0.9994048802269084,0.9878787878787878,0.9576784118644569,0.9475909737987462
30,7,percent,9,0.9983860140123477,1.0,0.9453639192497926,0.978945010372561
30,8,percent,8,0.995717299072656,0.9761904761904763,0.9173420243700582,0.9759000729485332
30,9,percent,6,0.9991507090107925,1.0,0.8456111778607652,0.8406680016960504
31,1,percent,16,0.9805935255007246,0.9852941176470588,0.9294521751280138,0.9903994747010085
31,2,percent,15,0.9985504971991462,0.9749999999999999,0.9731775926647424,0.9883312591073931
31,3,percent,14,0.9948934094160928,0.9956043956043955,0.9400843540771608,0.9701805529128612
31,4,percent,13,0.9985568771250809,0.989010989010989,0.9239715773471039,0.9222791547914787
31,5,percent,12,0.9970228729151123,0.9930069930069931,0.8282949435139019,0.8245664793414421
31,6,percent,10,0.9982805940332365,0.9999999999999999,0.9666767607761154,0.9660917830792959
31,7,percent,9,0.9985354307920302,1.0,0.8418793682221484,0.9244023874976197
31,8,percent,8,0.997811061936478,0.9761904761904763,0.878105153903993,0.9880235200593538
31,9,percent,6,0.9991358876476555,1.0,0.9568873229629657,0.9710083124552246
32,1,percent,14,0.9973567870483674,0.9912087912087912,0.9774409078968447,0.9679139109907876
32,2,percent,13,0.9985214882246003,0.9945054945054945,0.9815822992116605,0.9847898259647113
32,3,percent,12,0.9951139372974068,0.9930069930069931,0.9553298208200082,0.9385016209075348
32,4,percent,11,0.9966645898353749,1.0,0.9367510285587256,0.9540082236224001
32,5,percent,10,0.9979200872390704,0.9636363636363635,0.9587393544165237,0.9660917830792959
32,6,percent,9,0.9988989278968616,1.0,0.9445139784435823,0.8499999999999999
32,7,percent,8,0.9995279436048703,0.9761904761904763,0.8862334125025431,0.9157291161525718
32,8,percent,7,0.9956963868789661,1.0,0.8740788527811292,0.8928571428571429
32,9,percent,6,0.9997483073315107,1.0,0.9924335494989522,1.0
33,2,percent,13,0.9962404429027402,0.9835164835164836,0.9448329183529085,0.9610960054835206
33,3,percent,11,0.99652280307464,1.0,0.9476619357077163,0.9041190146549019
33,4,percent,9,0.9993747974170796,0.9833333333333333,0.8995398394335826,0.9082951062292475
33,5,percent,8,0.9995909744563819,1.0,0.9105116792931105,0.9636241116594316
33,6,percent,7,0.998716682002851,1.0,0.9396908059869467,0.9728456051340169
33,7,percent,6,0.9979028473536204,1.0,0.7378736237526302,0.8285714285714287
34,2,percent,14,0.9981516542295527,0.9956043956043955,0.966535553916462,0.958647703040376
34,3,percent,12,0.9989010518953254,1.0,0.9547033520321446,0.9681825090501318
34,4,percent,11,0.9981590608798772,0.9636363636363637,0.9381743396294603,0.9236352695512353
34,6,percent,10,0.9985706637401399,0.9999999999999999,0.9655404057705961,0.9322586314422672
34,7,percent,9,0.9973868026105597,0.9666666666666667,0.9116343465374374,0.8786687791935092
34,8,percent,8,0.9982319255533165,1.0,0.6799856721286139,0.9221722216732094
34,9,percent,7,0.9964436959325104,1.0,0.9000263146651468,0.9265616458263765
34,10,percent,6,0.9998544320730914,1.0,0.8372718887465745,0.8827348295047495
