feature,elastic_net_coef,xgb_importance,cv_mse,cv_mae,cv_r2,cv_auc,blend_elasticnet_weight,blend_xgb_weight
pca_1,-0.21203456737457207,0.23273459,0.20350348314437772,0.35848636673344386,0.18459249932477573,0.8031122651375816,0.230903058864202,0.769096941135798
pca_2,0.08526811044780197,0.11838462,0.20350348314437772,0.35848636673344386,0.18459249932477573,0.8031122651375816,0.230903058864202,0.769096941135798
pca_5,0.01587729710817496,0.116262056,0.20350348314437772,0.35848636673344386,0.18459249932477573,0.8031122651375816,0.230903058864202,0.769096941135798
pca_4,-0.028486749607589294,0.1137944,0.20350348314437772,0.35848636673344386,0.18459249932477573,0.8031122651375816,0.230903058864202,0.769096941135798
pca_8,0.06618596029634449,0.11091177,0.20350348314437772,0.35848636673344386,0.18459249932477573,0.8031122651375816,0.230903058864202,0.769096941135798
pca_3,0.0,0.08682869,0.20350348314437772,0.35848636673344386,0.18459249932477573,0.8031122651375816,0.230903058864202,0.769096941135798
pca_9,0.0,0.0813085,0.20350348314437772,0.35848636673344386,0.18459249932477573,0.8031122651375816,0.230903058864202,0.769096941135798
pca_6,0.0,0.078421265,0.20350348314437772,0.35848636673344386,0.18459249932477573,0.8031122651375816,0.230903058864202,0.769096941135798
pca_7,-0.0,0.061354067,0.20350348314437772,0.35848636673344386,0.18459249932477573,0.8031122651375816,0.230903058864202,0.769096941135798
